id,name,relation,relation_1,relation_2,relation_3,relation_4,relation_5,relation_6,relation_7,relation_8
1,Accessing Functionality Not Properly Constrained by ACLs,::NATURE:ChildOf:CAPEC ID:122::NATURE:CanPrecede:CAPEC ID:17::,childof 122,canprecede 17,,,,,,
2,Inducing Account Lockout,::NATURE:ChildOf:CAPEC ID:212::,childof 212,,,,,,,
3,Using Leading 'Ghost' Character Sequences to Bypass Input Filters,::NATURE:ChildOf:CAPEC ID:267::,childof 267,,,,,,,
4,Using Alternative IP Address Encodings,::NATURE:ChildOf:CAPEC ID:267::,childof 267,,,,,,,
5,Blue Boxing,::NATURE:ChildOf:CAPEC ID:220::,childof 220,,,,,,,
6,Argument Injection,::NATURE:ChildOf:CAPEC ID:137::,childof 137,,,,,,,
7,Blind SQL Injection,::NATURE:ChildOf:CAPEC ID:66::,childof 66,,,,,,,
8,Buffer Overflow in an API Call,::NATURE:ChildOf:CAPEC ID:100::,childof 100,,,,,,,
9,Buffer Overflow in Local Command-Line Utilities,::NATURE:ChildOf:CAPEC ID:100::,childof 100,,,,,,,
10,Buffer Overflow via Environment Variables,::NATURE:ChildOf:CAPEC ID:100::,childof 100,,,,,,,
11,Cause Web Server Misclassification,::NATURE:ChildOf:CAPEC ID:635::,childof 635,,,,,,,
12,Choosing Message Identifier,::NATURE:PeerOf:CAPEC ID:21::NATURE:ChildOf:CAPEC ID:216::,peerof 21,childof 216,,,,,,
13,Subverting Environment Variable Values,::NATURE:ChildOf:CAPEC ID:77::NATURE:CanPrecede:CAPEC ID:14::NATURE:PeerOf:CAPEC ID:10::,childof 77,canprecede 14,peerof 10,,,,,
14,Client-side Injection-induced Buffer Overflow,::NATURE:ChildOf:CAPEC ID:100::,childof 100,,,,,,,
15,Command Delimiters,::NATURE:ChildOf:CAPEC ID:137::,childof 137,,,,,,,
16,Dictionary-based Password Attack,::NATURE:ChildOf:CAPEC ID:49::NATURE:CanPrecede:CAPEC ID:600::NATURE:CanPrecede:CAPEC ID:151::NATURE:CanPrecede:CAPEC ID:560::NATURE:CanPrecede:CAPEC ID:561::NATURE:CanPrecede:CAPEC ID:653::,childof 49,canprecede 600,canprecede 151,canprecede 560,canprecede 561,canprecede 653,,
17,Using Malicious Files,::NATURE:ChildOf:CAPEC ID:122::NATURE:CanPrecede:CAPEC ID:233::,childof 122,canprecede 233,,,,,,
18,XSS Targeting Non-Script Elements,::NATURE:ChildOf:CAPEC ID:591::NATURE:ChildOf:CAPEC ID:592::NATURE:ChildOf:CAPEC ID:588::,childof 591,childof 592,childof 588,,,,,
19,Embedding Scripts within Scripts,::NATURE:ChildOf:CAPEC ID:242::,childof 242,,,,,,,
20,Encryption Brute Forcing,::NATURE:ChildOf:CAPEC ID:112::NATURE:CanPrecede:CAPEC ID:668::,childof 112,canprecede 668,,,,,,
21,Exploitation of Trusted Identifiers,,,,,,,,,
22,Exploiting Trust in Client,,,,,,,,,
23,File Content Injection,::NATURE:ChildOf:CAPEC ID:242::NATURE:CanAlsoBe:CAPEC ID:165::,childof 242,canalsobe 165,,,,,,
24,Filter Failure through Buffer Overflow,::NATURE:ChildOf:CAPEC ID:100::,childof 100,,,,,,,
25,Forced Deadlock,,,,,,,,,
26,Leveraging Race Conditions,,,,,,,,,
27,Leveraging Race Conditions via Symbolic Links,::NATURE:ChildOf:CAPEC ID:29::,childof 29,,,,,,,
28,Fuzzing,,,,,,,,,
29,Leveraging Time-of-Check and Time-of-Use (TOCTOU) Race Conditions,::NATURE:ChildOf:CAPEC ID:26::,childof 26,,,,,,,
30,Hijacking a Privileged Thread of Execution,::NATURE:ChildOf:CAPEC ID:233::,childof 233,,,,,,,
31,Accessing/Intercepting/Modifying HTTP Cookies,::NATURE:ChildOf:CAPEC ID:39::NATURE:ChildOf:CAPEC ID:157::,childof 39,childof 157,,,,,,
32,XSS Through HTTP Query Strings,::NATURE:ChildOf:CAPEC ID:591::NATURE:ChildOf:CAPEC ID:588::NATURE:ChildOf:CAPEC ID:592::,childof 591,childof 588,childof 592,,,,,
33,HTTP Request Smuggling,::NATURE:ChildOf:CAPEC ID:220::NATURE:PeerOf:CAPEC ID:273::NATURE:CanPrecede:CAPEC ID:115::NATURE:CanPrecede:CAPEC ID:141::NATURE:CanPrecede:CAPEC ID:63::NATURE:CanPrecede:CAPEC ID:593::NATURE:CanPrecede:CAPEC ID:148::NATURE:CanPrecede:CAPEC ID:154::,childof 220,peerof 273,canprecede 115,canprecede 141,canprecede 63,canprecede 593,canprecede 148,canprecede 154
34,HTTP Response Splitting,::NATURE:ChildOf:CAPEC ID:220::NATURE:PeerOf:CAPEC ID:105::NATURE:CanPrecede:CAPEC ID:115::NATURE:CanPrecede:CAPEC ID:141::NATURE:CanPrecede:CAPEC ID:63::NATURE:CanPrecede:CAPEC ID:593::NATURE:CanPrecede:CAPEC ID:148::NATURE:CanPrecede:CAPEC ID:154::,childof 220,peerof 105,canprecede 115,canprecede 141,canprecede 63,canprecede 593,canprecede 148,canprecede 154
35,Leverage Executable Code in Non-Executable Files,::NATURE:ChildOf:CAPEC ID:636::NATURE:PeerOf:CAPEC ID:23::NATURE:PeerOf:CAPEC ID:75::,childof 636,peerof 23,peerof 75,,,,,
36,Using Unpublished Interfaces or Functionality,::NATURE:ChildOf:CAPEC ID:113::,childof 113,,,,,,,
37,Retrieve Embedded Sensitive Data,::NATURE:ChildOf:CAPEC ID:167::,childof 167,,,,,,,
38,Leveraging/Manipulating Configuration File Search Paths,::NATURE:ChildOf:CAPEC ID:159::,childof 159,,,,,,,
39,Manipulating Opaque Client-based Data Tokens,::NATURE:ChildOf:CAPEC ID:22::,childof 22,,,,,,,
40,Manipulating Writeable Terminal Devices,::NATURE:ChildOf:CAPEC ID:248::,childof 248,,,,,,,
41,Using Meta-characters in E-mail Headers to Inject Malicious Payloads,::NATURE:ChildOf:CAPEC ID:242::NATURE:ChildOf:CAPEC ID:134::,childof 242,childof 134,,,,,,
42,MIME Conversion,::NATURE:ChildOf:CAPEC ID:100::,childof 100,,,,,,,
43,Exploiting Multiple Input Interpretation Layers,::NATURE:ChildOf:CAPEC ID:267::,childof 267,,,,,,,
44,Overflow Binary Resource File,::NATURE:ChildOf:CAPEC ID:100::NATURE:ChildOf:CAPEC ID:23::,childof 100,childof 23,,,,,,
45,Buffer Overflow via Symbolic Links,::NATURE:ChildOf:CAPEC ID:100::,childof 100,,,,,,,
46,Overflow Variables and Tags,::NATURE:ChildOf:CAPEC ID:100::NATURE:PeerOf:CAPEC ID:8::NATURE:PeerOf:CAPEC ID:10::,childof 100,peerof 8,peerof 10,,,,,
47,Buffer Overflow via Parameter Expansion,::NATURE:ChildOf:CAPEC ID:100::,childof 100,,,,,,,
48,Passing Local Filenames to Functions That Expect a URL,::NATURE:ChildOf:CAPEC ID:212::,childof 212,,,,,,,
49,Password Brute Forcing,::NATURE:ChildOf:CAPEC ID:112::NATURE:CanPrecede:CAPEC ID:600::NATURE:CanPrecede:CAPEC ID:151::NATURE:CanPrecede:CAPEC ID:560::NATURE:CanPrecede:CAPEC ID:561::NATURE:CanPrecede:CAPEC ID:653::,childof 112,canprecede 600,canprecede 151,canprecede 560,canprecede 561,canprecede 653,,
50,Password Recovery Exploitation,::NATURE:ChildOf:CAPEC ID:212::NATURE:CanPrecede:CAPEC ID:600::NATURE:CanPrecede:CAPEC ID:151::NATURE:CanPrecede:CAPEC ID:560::NATURE:CanPrecede:CAPEC ID:561::NATURE:CanPrecede:CAPEC ID:653::,childof 212,canprecede 600,canprecede 151,canprecede 560,canprecede 561,canprecede 653,,
51,Poison Web Service Registry,::NATURE:ChildOf:CAPEC ID:203::,childof 203,,,,,,,
52,Embedding NULL Bytes,::NATURE:ChildOf:CAPEC ID:267::,childof 267,,,,,,,
53,"Postfix, Null Terminate, and Backslash",::NATURE:ChildOf:CAPEC ID:267::,childof 267,,,,,,,
54,Query System for Information,::NATURE:ChildOf:CAPEC ID:116::,childof 116,,,,,,,
55,Rainbow Table Password Cracking,::NATURE:ChildOf:CAPEC ID:49::NATURE:CanPrecede:CAPEC ID:600::NATURE:CanPrecede:CAPEC ID:151::NATURE:CanPrecede:CAPEC ID:560::NATURE:CanPrecede:CAPEC ID:561::NATURE:CanPrecede:CAPEC ID:653::,childof 49,canprecede 600,canprecede 151,canprecede 560,canprecede 561,canprecede 653,,
57,Utilizing REST's Trust in the System Resource to Obtain Sensitive Data,::NATURE:ChildOf:CAPEC ID:157::,childof 157,,,,,,,
58,Restful Privilege Elevation,::NATURE:ChildOf:CAPEC ID:1::NATURE:ChildOf:CAPEC ID:180::,childof 1,childof 180,,,,,,
59,Session Credential Falsification through Prediction,::NATURE:ChildOf:CAPEC ID:196::,childof 196,,,,,,,
60,Reusing Session IDs (aka Session Replay),::NATURE:ChildOf:CAPEC ID:593::,childof 593,,,,,,,
61,Session Fixation,::NATURE:ChildOf:CAPEC ID:593::,childof 593,,,,,,,
62,Cross Site Request Forgery,::NATURE:ChildOf:CAPEC ID:21::,childof 21,,,,,,,
63,Cross-Site Scripting (XSS),::NATURE:ChildOf:CAPEC ID:242::NATURE:CanPrecede:CAPEC ID:107::,childof 242,canprecede 107,,,,,,
64,Using Slashes and URL Encoding Combined to Bypass Validation Logic,::NATURE:ChildOf:CAPEC ID:267::,childof 267,,,,,,,
65,Sniff Application Code,::NATURE:ChildOf:CAPEC ID:157::NATURE:CanPrecede:CAPEC ID:37::,childof 157,canprecede 37,,,,,,
66,SQL Injection,::NATURE:ChildOf:CAPEC ID:248::,childof 248,,,,,,,
67,String Format Overflow in syslog(),::NATURE:ChildOf:CAPEC ID:100::NATURE:ChildOf:CAPEC ID:135::,childof 100,childof 135,,,,,,
68,Subvert Code-signing Facilities,::NATURE:ChildOf:CAPEC ID:233::,childof 233,,,,,,,
69,Target Programs with Elevated Privileges,::NATURE:ChildOf:CAPEC ID:233::NATURE:CanPrecede:CAPEC ID:8::NATURE:CanPrecede:CAPEC ID:9::NATURE:CanPrecede:CAPEC ID:10::NATURE:CanPrecede:CAPEC ID:67::,childof 233,canprecede 8,canprecede 9,canprecede 10,canprecede 67,,,
70,Try Common or Default Usernames and Passwords,::NATURE:ChildOf:CAPEC ID:49::NATURE:CanPrecede:CAPEC ID:600::NATURE:CanPrecede:CAPEC ID:151::NATURE:CanPrecede:CAPEC ID:560::NATURE:CanPrecede:CAPEC ID:561::NATURE:CanPrecede:CAPEC ID:653::,childof 49,canprecede 600,canprecede 151,canprecede 560,canprecede 561,canprecede 653,,
71,Using Unicode Encoding to Bypass Validation Logic,::NATURE:ChildOf:CAPEC ID:267::,childof 267,,,,,,,
72,URL Encoding,::NATURE:ChildOf:CAPEC ID:267::,childof 267,,,,,,,
73,User-Controlled Filename,::NATURE:ChildOf:CAPEC ID:165::NATURE:CanPrecede:CAPEC ID:592::,childof 165,canprecede 592,,,,,,
74,Manipulating State,,,,,,,,,
75,Manipulating Writeable Configuration Files,::NATURE:ChildOf:CAPEC ID:176::,childof 176,,,,,,,
76,Manipulating Web Input to File System Calls,::NATURE:ChildOf:CAPEC ID:126::,childof 126,,,,,,,
77,Manipulating User-Controlled Variables,::NATURE:ChildOf:CAPEC ID:22::,childof 22,,,,,,,
78,Using Escaped Slashes in Alternate Encoding,::NATURE:ChildOf:CAPEC ID:267::,childof 267,,,,,,,
79,Using Slashes in Alternate Encoding,::NATURE:ChildOf:CAPEC ID:267::,childof 267,,,,,,,
80,Using UTF-8 Encoding to Bypass Validation Logic,::NATURE:PeerOf:CAPEC ID:64::NATURE:PeerOf:CAPEC ID:71::NATURE:ChildOf:CAPEC ID:267::,peerof 64,peerof 71,childof 267,,,,,
81,Web Server Logs Tampering,::NATURE:ChildOf:CAPEC ID:268::,childof 268,,,,,,,
83,XPath Injection,::NATURE:ChildOf:CAPEC ID:250::,childof 250,,,,,,,
84,XQuery Injection,::NATURE:ChildOf:CAPEC ID:250::,childof 250,,,,,,,
85,AJAX Footprinting,::NATURE:ChildOf:CAPEC ID:580::NATURE:CanPrecede:CAPEC ID:63::,childof 580,canprecede 63,,,,,,
86,XSS Through HTTP Headers,::NATURE:ChildOf:CAPEC ID:591::NATURE:ChildOf:CAPEC ID:588::NATURE:ChildOf:CAPEC ID:592::,childof 591,childof 588,childof 592,,,,,
87,Forceful Browsing,::NATURE:ChildOf:CAPEC ID:115::,childof 115,,,,,,,
88,OS Command Injection,::NATURE:ChildOf:CAPEC ID:248::,childof 248,,,,,,,
89,Pharming,::NATURE:ChildOf:CAPEC ID:151::,childof 151,,,,,,,
90,Reflection Attack in Authentication Protocol,::NATURE:ChildOf:CAPEC ID:272::NATURE:ChildOf:CAPEC ID:114::,childof 272,childof 114,,,,,,
92,Forced Integer Overflow,::NATURE:ChildOf:CAPEC ID:128::,childof 128,,,,,,,
93,Log Injection-Tampering-Forging,::NATURE:ChildOf:CAPEC ID:268::NATURE:CanPrecede:CAPEC ID:592::,childof 268,canprecede 592,,,,,,
94,Adversary in the Middle (AiTM),::NATURE:CanPrecede:CAPEC ID:151::NATURE:CanPrecede:CAPEC ID:668::,canprecede 151,canprecede 668,,,,,,
95,WSDL Scanning,::NATURE:ChildOf:CAPEC ID:54::,childof 54,,,,,,,
96,Block Access to Libraries,::NATURE:ChildOf:CAPEC ID:603::,childof 603,,,,,,,
97,Cryptanalysis,::NATURE:ChildOf:CAPEC ID:192::NATURE:CanPrecede:CAPEC ID:20::,childof 192,canprecede 20,,,,,,
98,Phishing,::NATURE:ChildOf:CAPEC ID:151::NATURE:CanPrecede:CAPEC ID:89::NATURE:CanPrecede:CAPEC ID:543::NATURE:CanPrecede:CAPEC ID:611::NATURE:CanPrecede:CAPEC ID:630::NATURE:CanPrecede:CAPEC ID:631::NATURE:CanPrecede:CAPEC ID:632::,childof 151,canprecede 89,canprecede 543,canprecede 611,canprecede 630,canprecede 631,canprecede 632,
100,Overflow Buffers,::NATURE:ChildOf:CAPEC ID:123::,childof 123,,,,,,,
101,Server Side Include (SSI) Injection,::NATURE:ChildOf:CAPEC ID:253::NATURE:CanPrecede:CAPEC ID:600::,childof 253,canprecede 600,,,,,,
102,Session Sidejacking,::NATURE:ChildOf:CAPEC ID:593::,childof 593,,,,,,,
103,Clickjacking,::NATURE:ChildOf:CAPEC ID:173::,childof 173,,,,,,,
104,Cross Zone Scripting,::NATURE:ChildOf:CAPEC ID:233::,childof 233,,,,,,,
105,HTTP Request Splitting,::NATURE:ChildOf:CAPEC ID:220::NATURE:PeerOf:CAPEC ID:34::NATURE:CanPrecede:CAPEC ID:115::NATURE:CanPrecede:CAPEC ID:141::NATURE:CanPrecede:CAPEC ID:63::NATURE:CanPrecede:CAPEC ID:593::NATURE:CanPrecede:CAPEC ID:148::NATURE:CanPrecede:CAPEC ID:154::,childof 220,peerof 34,canprecede 115,canprecede 141,canprecede 63,canprecede 593,canprecede 148,canprecede 154
107,Cross Site Tracing,::NATURE:ChildOf:CAPEC ID:593::,childof 593,,,,,,,
108,Command Line Execution through SQL Injection,::NATURE:ChildOf:CAPEC ID:66::,childof 66,,,,,,,
109,Object Relational Mapping Injection,::NATURE:ChildOf:CAPEC ID:66::,childof 66,,,,,,,
110,SQL Injection through SOAP Parameter Tampering,::NATURE:ChildOf:CAPEC ID:66::NATURE:CanPrecede:CAPEC ID:108::,childof 66,canprecede 108,,,,,,
111,JSON Hijacking (aka JavaScript Hijacking),::NATURE:ChildOf:CAPEC ID:212::,childof 212,,,,,,,
112,Brute Force,,,,,,,,,
113,Interface Manipulation,,,,,,,,,
114,Authentication Abuse,,,,,,,,,
115,Authentication Bypass,,,,,,,,,
116,Excavation,::NATURE:CanPrecede:CAPEC ID:163::,canprecede 163,,,,,,,
117,Interception,,,,,,,,,
120,Double Encoding,::NATURE:ChildOf:CAPEC ID:267::,childof 267,,,,,,,
121,Exploit Non-Production Interfaces,::NATURE:ChildOf:CAPEC ID:113::,childof 113,,,,,,,
122,Privilege Abuse,::NATURE:CanPrecede:CAPEC ID:664::,canprecede 664,,,,,,,
123,Buffer Manipulation,,,,,,,,,
124,Shared Resource Manipulation,,,,,,,,,
125,Flooding,,,,,,,,,
126,Path Traversal,::NATURE:ChildOf:CAPEC ID:153::NATURE:CanPrecede:CAPEC ID:664::,childof 153,canprecede 664,,,,,,
127,Directory Indexing,::NATURE:ChildOf:CAPEC ID:54::,childof 54,,,,,,,
128,Integer Attacks,::NATURE:ChildOf:CAPEC ID:153::,childof 153,,,,,,,
129,Pointer Manipulation,,,,,,,,,
130,Excessive Allocation,,,,,,,,,
131,Resource Leak Exposure,,,,,,,,,
132,Symlink Attack,::NATURE:ChildOf:CAPEC ID:159::,childof 159,,,,,,,
133,Try All Common Switches,::NATURE:ChildOf:CAPEC ID:113::,childof 113,,,,,,,
134,Email Injection,::NATURE:ChildOf:CAPEC ID:137::,childof 137,,,,,,,
135,Format String Injection,::NATURE:ChildOf:CAPEC ID:137::,childof 137,,,,,,,
136,LDAP Injection,::NATURE:ChildOf:CAPEC ID:248::,childof 248,,,,,,,
137,Parameter Injection,,,,,,,,,
138,Reflection Injection,::NATURE:ChildOf:CAPEC ID:137::,childof 137,,,,,,,
139,Relative Path Traversal,::NATURE:ChildOf:CAPEC ID:126::,childof 126,,,,,,,
140,Bypassing of Intermediate Forms in Multiple-Form Sets,::NATURE:ChildOf:CAPEC ID:74::,childof 74,,,,,,,
141,Cache Poisoning,::NATURE:ChildOf:CAPEC ID:161::,childof 161,,,,,,,
142,DNS Cache Poisoning,::NATURE:ChildOf:CAPEC ID:141::NATURE:CanPrecede:CAPEC ID:89::,childof 141,canprecede 89,,,,,,
143,Detect Unpublicized Web Pages,::NATURE:ChildOf:CAPEC ID:150::,childof 150,,,,,,,
144,Detect Unpublicized Web Services,::NATURE:ChildOf:CAPEC ID:150::,childof 150,,,,,,,
145,Checksum Spoofing,::NATURE:ChildOf:CAPEC ID:148::,childof 148,,,,,,,
146,XML Schema Poisoning,::NATURE:ChildOf:CAPEC ID:271::,childof 271,,,,,,,
147,XML Ping of the Death,::NATURE:ChildOf:CAPEC ID:528::,childof 528,,,,,,,
148,Content Spoofing,,,,,,,,,
149,Explore for Predictable Temporary File Names,::NATURE:ChildOf:CAPEC ID:497::NATURE:CanPrecede:CAPEC ID:155::,childof 497,canprecede 155,,,,,,
150,Collect Data from Common Resource Locations,::NATURE:ChildOf:CAPEC ID:116::,childof 116,,,,,,,
151,Identity Spoofing,,,,,,,,,
153,Input Data Manipulation,,,,,,,,,
154,Resource Location Spoofing,,,,,,,,,
155,Screen Temporary Files for Sensitive Information,::NATURE:ChildOf:CAPEC ID:150::,childof 150,,,,,,,
157,Sniffing Attacks,::NATURE:ChildOf:CAPEC ID:117::NATURE:CanPrecede:CAPEC ID:652::,childof 117,canprecede 652,,,,,,
158,Sniffing Network Traffic,::NATURE:ChildOf:CAPEC ID:157::,childof 157,,,,,,,
159,Redirect Access to Libraries,::NATURE:ChildOf:CAPEC ID:154::NATURE:CanPrecede:CAPEC ID:185::,childof 154,canprecede 185,,,,,,
160,Exploit Script-Based APIs,::NATURE:ChildOf:CAPEC ID:113::,childof 113,,,,,,,
161,Infrastructure Manipulation,::NATURE:CanPrecede:CAPEC ID:664::,canprecede 664,,,,,,,
162,Manipulating Hidden Fields,::NATURE:ChildOf:CAPEC ID:77::,childof 77,,,,,,,
163,Spear Phishing,::NATURE:ChildOf:CAPEC ID:98::,childof 98,,,,,,,
164,Mobile Phishing,::NATURE:ChildOf:CAPEC ID:98::,childof 98,,,,,,,
165,File Manipulation,,,,,,,,,
166,Force the System to Reset Values,::NATURE:ChildOf:CAPEC ID:161::,childof 161,,,,,,,
167,White Box Reverse Engineering,::NATURE:ChildOf:CAPEC ID:188::,childof 188,,,,,,,
168,Windows ::DATA Alternate Data Stream,::NATURE:ChildOf:CAPEC ID:636::,childof 636,,,,,,,
169,Footprinting,,,,,,,,,
170,Web Application Fingerprinting,::NATURE:ChildOf:CAPEC ID:541::,childof 541,,,,,,,
173,Action Spoofing,,,,,,,,,
174,Flash Parameter Injection,::NATURE:ChildOf:CAPEC ID:182::NATURE:CanAlsoBe:CAPEC ID:460::NATURE:CanPrecede:CAPEC ID:63::NATURE:CanPrecede:CAPEC ID:178::,childof 182,canalsobe 460,canprecede 63,canprecede 178,,,,
175,Code Inclusion,,,,,,,,,
176,Configuration/Environment Manipulation,,,,,,,,,
177,Create files with the same name as files protected with a higher classification,::NATURE:ChildOf:CAPEC ID:17::,childof 17,,,,,,,
178,Cross-Site Flashing,::NATURE:ChildOf:CAPEC ID:182::,childof 182,,,,,,,
179,Calling Micro-Services Directly,::NATURE:ChildOf:CAPEC ID:554::,childof 554,,,,,,,
180,Exploiting Incorrectly Configured Access Control Security Levels,::NATURE:ChildOf:CAPEC ID:122::NATURE:CanPrecede:CAPEC ID:17::,childof 122,canprecede 17,,,,,,
181,Flash File Overlay,::NATURE:ChildOf:CAPEC ID:103::,childof 103,,,,,,,
182,Flash Injection,::NATURE:ChildOf:CAPEC ID:137::NATURE:CanAlsoBe:CAPEC ID:248::,childof 137,canalsobe 248,,,,,,
183,IMAP/SMTP Command Injection,::NATURE:ChildOf:CAPEC ID:248::,childof 248,,,,,,,
184,Software Integrity Attack,,,,,,,,,
185,Malicious Software Download,::NATURE:ChildOf:CAPEC ID:184::NATURE:CanPrecede:CAPEC ID:662::,childof 184,canprecede 662,,,,,,
186,Malicious Software Update,::NATURE:ChildOf:CAPEC ID:184::NATURE:CanFollow:CAPEC ID:98::,childof 184,canfollow 98,,,,,,
187,Malicious Automated Software Update via Redirection,::NATURE:ChildOf:CAPEC ID:186::,childof 186,,,,,,,
188,Reverse Engineering,,,,,,,,,
189,Black Box Reverse Engineering,::NATURE:ChildOf:CAPEC ID:188::,childof 188,,,,,,,
190,Reverse Engineer an Executable to Expose Assumed Hidden Functionality,::NATURE:ChildOf:CAPEC ID:167::,childof 167,,,,,,,
191,Read Sensitive Constants Within an Executable,::NATURE:ChildOf:CAPEC ID:167::,childof 167,,,,,,,
192,Protocol Analysis,,,,,,,,,
193,PHP Remote File Inclusion,::NATURE:ChildOf:CAPEC ID:253::,childof 253,,,,,,,
194,Fake the Source of Data,::NATURE:ChildOf:CAPEC ID:151::NATURE:CanPrecede:CAPEC ID:657::NATURE:CanPrecede:CAPEC ID:667::,childof 151,canprecede 657,canprecede 667,,,,,
195,Principal Spoof,::NATURE:ChildOf:CAPEC ID:151::,childof 151,,,,,,,
196,Session Credential Falsification through Forging,::NATURE:CanPrecede:CAPEC ID:384::NATURE:CanPrecede:CAPEC ID:61::NATURE:ChildOf:CAPEC ID:21::,canprecede 384,canprecede 61,childof 21,,,,,
197,Exponential Data Expansion,::NATURE:ChildOf:CAPEC ID:230::,childof 230,,,,,,,
198,XSS Targeting Error Pages,::NATURE:ChildOf:CAPEC ID:591::NATURE:ChildOf:CAPEC ID:592::NATURE:ChildOf:CAPEC ID:588::,childof 591,childof 592,childof 588,,,,,
199,XSS Using Alternate Syntax,::NATURE:ChildOf:CAPEC ID:591::NATURE:ChildOf:CAPEC ID:592::NATURE:ChildOf:CAPEC ID:588::,childof 591,childof 592,childof 588,,,,,
200,"Removal of filters: Input filters, output filters, data masking",::NATURE:ChildOf:CAPEC ID:207::,childof 207,,,,,,,
201,Serialized Data External Linking,::NATURE:ChildOf:CAPEC ID:122::NATURE:ChildOf:CAPEC ID:278::,childof 122,childof 278,,,,,,
202,Create Malicious Client,::NATURE:ChildOf:CAPEC ID:22::,childof 22,,,,,,,
203,Manipulate Registry Information,::NATURE:ChildOf:CAPEC ID:176::,childof 176,,,,,,,
204,Lifting Sensitive Data Embedded in Cache,::NATURE:ChildOf:CAPEC ID:167::NATURE:CanPrecede:CAPEC ID:560::,childof 167,canprecede 560,,,,,,
206,Signing Malicious Code,::NATURE:ChildOf:CAPEC ID:444::,childof 444,,,,,,,
207,Removing Important Client Functionality,::NATURE:ChildOf:CAPEC ID:22::,childof 22,,,,,,,
208,Removing/short-circuiting 'Purse' logic: removing/mutating 'cash' decrements,::NATURE:ChildOf:CAPEC ID:207::,childof 207,,,,,,,
209,XSS Using MIME Type Mismatch,::NATURE:ChildOf:CAPEC ID:592::,childof 592,,,,,,,
212,Functionality Misuse,,,,,,,,,
215,Fuzzing for application mapping,::NATURE:ChildOf:CAPEC ID:54::NATURE:ChildOf:CAPEC ID:28::,childof 54,childof 28,,,,,,
216,Communication Channel Manipulation,::NATURE:CanPrecede:CAPEC ID:94::,canprecede 94,,,,,,,
217,Exploiting Incorrectly Configured SSL/TLS,::NATURE:ChildOf:CAPEC ID:216::,childof 216,,,,,,,
218,Spoofing of UDDI/ebXML Messages,::NATURE:ChildOf:CAPEC ID:148::,childof 148,,,,,,,
219,XML Routing Detour Attacks,::NATURE:ChildOf:CAPEC ID:94::,childof 94,,,,,,,
220,Client-Server Protocol Manipulation,::NATURE:ChildOf:CAPEC ID:272::,childof 272,,,,,,,
221,Data Serialization External Entities Blowup,::NATURE:ChildOf:CAPEC ID:231::NATURE:ChildOf:CAPEC ID:278::,childof 231,childof 278,,,,,,
222,iFrame Overlay,::NATURE:ChildOf:CAPEC ID:103::,childof 103,,,,,,,
224,Fingerprinting,,,,,,,,,
226,Session Credential Falsification through Manipulation,::NATURE:ChildOf:CAPEC ID:196::,childof 196,,,,,,,
227,Sustained Client Engagement,,,,,,,,,
228,DTD Injection,::NATURE:ChildOf:CAPEC ID:250::NATURE:CanPrecede:CAPEC ID:197::NATURE:CanPrecede:CAPEC ID:491::,childof 250,canprecede 197,canprecede 491,,,,,
229,Serialized Data Parameter Blowup,::NATURE:ChildOf:CAPEC ID:231::,childof 231,,,,,,,
230,Serialized Data with Nested Payloads,::NATURE:ChildOf:CAPEC ID:130::,childof 130,,,,,,,
231,Oversized Serialized Data Payloads,::NATURE:ChildOf:CAPEC ID:130::,childof 130,,,,,,,
233,Privilege Escalation,,,,,,,,,
234,Hijacking a privileged process,::NATURE:ChildOf:CAPEC ID:233::NATURE:CanFollow:CAPEC ID:242::NATURE:CanFollow:CAPEC ID:175::NATURE:CanFollow:CAPEC ID:100::,childof 233,canfollow 242,canfollow 175,canfollow 100,,,,
237,Escaping a Sandbox by Calling Code in Another Language,::NATURE:ChildOf:CAPEC ID:480::,childof 480,,,,,,,
240,Resource Injection,,,,,,,,,
242,Code Injection,,,,,,,,,
243,XSS Targeting HTML Attributes,::NATURE:ChildOf:CAPEC ID:591::NATURE:ChildOf:CAPEC ID:592::NATURE:ChildOf:CAPEC ID:588::,childof 591,childof 592,childof 588,,,,,
244,XSS Targeting URI Placeholders,::NATURE:ChildOf:CAPEC ID:591::NATURE:ChildOf:CAPEC ID:592::NATURE:ChildOf:CAPEC ID:588::,childof 591,childof 592,childof 588,,,,,
245,XSS Using Doubled Characters,::NATURE:ChildOf:CAPEC ID:591::NATURE:ChildOf:CAPEC ID:592::NATURE:ChildOf:CAPEC ID:588::,childof 591,childof 592,childof 588,,,,,
247,XSS Using Invalid Characters,::NATURE:ChildOf:CAPEC ID:591::NATURE:ChildOf:CAPEC ID:592::NATURE:ChildOf:CAPEC ID:588::,childof 591,childof 592,childof 588,,,,,
248,Command Injection,,,,,,,,,
250,XML Injection,::NATURE:ChildOf:CAPEC ID:248::,childof 248,,,,,,,
251,Local Code Inclusion,::NATURE:ChildOf:CAPEC ID:175::,childof 175,,,,,,,
252,PHP Local File Inclusion,::NATURE:ChildOf:CAPEC ID:251::,childof 251,,,,,,,
253,Remote Code Inclusion,::NATURE:ChildOf:CAPEC ID:175::NATURE:CanPrecede:CAPEC ID:664::,childof 175,canprecede 664,,,,,,
256,SOAP Array Overflow,::NATURE:ChildOf:CAPEC ID:100::,childof 100,,,,,,,
261,Fuzzing for garnering other adjacent user/sensitive data,::NATURE:ChildOf:CAPEC ID:54::,childof 54,,,,,,,
263,Force Use of Corrupted Files,::NATURE:ChildOf:CAPEC ID:17::,childof 17,,,,,,,
267,Leverage Alternate Encoding,::NATURE:ChildOf:CAPEC ID:153::,childof 153,,,,,,,
268,Audit Log Manipulation,::NATURE:ChildOf:CAPEC ID:161::,childof 161,,,,,,,
270,Modification of Registry Run Keys,::NATURE:ChildOf:CAPEC ID:203::NATURE:CanPrecede:CAPEC ID:568::NATURE:CanPrecede:CAPEC ID:529::NATURE:CanPrecede:CAPEC ID:646::NATURE:CanFollow:CAPEC ID:555::,childof 203,canprecede 568,canprecede 529,canprecede 646,canfollow 555,,,
271,Schema Poisoning,::NATURE:ChildOf:CAPEC ID:176::NATURE:CanFollow:CAPEC ID:94::,childof 176,canfollow 94,,,,,,
272,Protocol Manipulation,,,,,,,,,
273,HTTP Response Smuggling,::NATURE:ChildOf:CAPEC ID:220::NATURE:PeerOf:CAPEC ID:33::NATURE:CanPrecede:CAPEC ID:115::NATURE:CanPrecede:CAPEC ID:141::NATURE:CanPrecede:CAPEC ID:63::NATURE:CanPrecede:CAPEC ID:593::NATURE:CanPrecede:CAPEC ID:148::NATURE:CanPrecede:CAPEC ID:154::,childof 220,peerof 33,canprecede 115,canprecede 141,canprecede 63,canprecede 593,canprecede 148,canprecede 154
274,HTTP Verb Tampering,::NATURE:ChildOf:CAPEC ID:220::,childof 220,,,,,,,
275,DNS Rebinding,::NATURE:ChildOf:CAPEC ID:194::,childof 194,,,,,,,
276,Inter-component Protocol Manipulation,::NATURE:ChildOf:CAPEC ID:272::,childof 272,,,,,,,
277,Data Interchange Protocol Manipulation,::NATURE:ChildOf:CAPEC ID:272::,childof 272,,,,,,,
278,Web Services Protocol Manipulation,::NATURE:ChildOf:CAPEC ID:272::,childof 272,,,,,,,
279,SOAP Manipulation,::NATURE:ChildOf:CAPEC ID:278::NATURE:CanPrecede:CAPEC ID:110::NATURE:CanPrecede:CAPEC ID:228::,childof 278,canprecede 110,canprecede 228,,,,,
285,ICMP Echo Request Ping,::NATURE:ChildOf:CAPEC ID:292::,childof 292,,,,,,,
287,TCP SYN Scan,::NATURE:ChildOf:CAPEC ID:300::,childof 300,,,,,,,
290,Enumerate Mail Exchange (MX) Records,::NATURE:ChildOf:CAPEC ID:309::,childof 309,,,,,,,
291,DNS Zone Transfers,::NATURE:ChildOf:CAPEC ID:309::,childof 309,,,,,,,
292,Host Discovery,::NATURE:ChildOf:CAPEC ID:169::,childof 169,,,,,,,
293,Traceroute Route Enumeration,::NATURE:ChildOf:CAPEC ID:309::,childof 309,,,,,,,
294,ICMP Address Mask Request,::NATURE:ChildOf:CAPEC ID:292::,childof 292,,,,,,,
295,Timestamp Request,::NATURE:ChildOf:CAPEC ID:292::,childof 292,,,,,,,
296,ICMP Information Request,::NATURE:ChildOf:CAPEC ID:292::,childof 292,,,,,,,
297,TCP ACK Ping,::NATURE:ChildOf:CAPEC ID:292::,childof 292,,,,,,,
298,UDP Ping,::NATURE:ChildOf:CAPEC ID:292::,childof 292,,,,,,,
299,TCP SYN Ping,::NATURE:ChildOf:CAPEC ID:292::,childof 292,,,,,,,
300,Port Scanning,::NATURE:ChildOf:CAPEC ID:169::,childof 169,,,,,,,
301,TCP Connect Scan,::NATURE:ChildOf:CAPEC ID:300::,childof 300,,,,,,,
302,TCP FIN Scan,::NATURE:ChildOf:CAPEC ID:300::,childof 300,,,,,,,
303,TCP Xmas Scan,::NATURE:ChildOf:CAPEC ID:300::,childof 300,,,,,,,
304,TCP Null Scan,::NATURE:ChildOf:CAPEC ID:300::,childof 300,,,,,,,
305,TCP ACK Scan,::NATURE:ChildOf:CAPEC ID:300::,childof 300,,,,,,,
306,TCP Window Scan,::NATURE:ChildOf:CAPEC ID:300::,childof 300,,,,,,,
307,TCP RPC Scan,::NATURE:ChildOf:CAPEC ID:300::,childof 300,,,,,,,
308,UDP Scan,::NATURE:ChildOf:CAPEC ID:300::,childof 300,,,,,,,
309,Network Topology Mapping,::NATURE:ChildOf:CAPEC ID:169::NATURE:CanPrecede:CAPEC ID:664::,childof 169,canprecede 664,,,,,,
310,Scanning for Vulnerable Software,::NATURE:ChildOf:CAPEC ID:541::,childof 541,,,,,,,
312,Active OS Fingerprinting,::NATURE:ChildOf:CAPEC ID:224::,childof 224,,,,,,,
313,Passive OS Fingerprinting,::NATURE:ChildOf:CAPEC ID:224::,childof 224,,,,,,,
317,IP ID Sequencing Probe,::NATURE:ChildOf:CAPEC ID:312::,childof 312,,,,,,,
318,IP 'ID' Echoed Byte-Order Probe,::NATURE:ChildOf:CAPEC ID:312::,childof 312,,,,,,,
319,IP (DF) 'Don't Fragment Bit' Echoing Probe,::NATURE:ChildOf:CAPEC ID:312::,childof 312,,,,,,,
320,TCP Timestamp Probe,::NATURE:ChildOf:CAPEC ID:312::,childof 312,,,,,,,
321,TCP Sequence Number Probe,::NATURE:ChildOf:CAPEC ID:312::,childof 312,,,,,,,
322,TCP (ISN) Greatest Common Divisor Probe,::NATURE:ChildOf:CAPEC ID:312::,childof 312,,,,,,,
323,TCP (ISN) Counter Rate Probe,::NATURE:ChildOf:CAPEC ID:312::,childof 312,,,,,,,
324,TCP (ISN) Sequence Predictability Probe,::NATURE:ChildOf:CAPEC ID:312::,childof 312,,,,,,,
325,TCP Congestion Control Flag (ECN) Probe,::NATURE:ChildOf:CAPEC ID:312::,childof 312,,,,,,,
326,TCP Initial Window Size Probe,::NATURE:ChildOf:CAPEC ID:312::,childof 312,,,,,,,
327,TCP Options Probe,::NATURE:ChildOf:CAPEC ID:312::,childof 312,,,,,,,
328,TCP 'RST' Flag Checksum Probe,::NATURE:ChildOf:CAPEC ID:312::,childof 312,,,,,,,
329,ICMP Error Message Quoting Probe,::NATURE:ChildOf:CAPEC ID:312::,childof 312,,,,,,,
330,ICMP Error Message Echoing Integrity Probe,::NATURE:ChildOf:CAPEC ID:312::,childof 312,,,,,,,
331,ICMP IP Total Length Field Probe,::NATURE:ChildOf:CAPEC ID:312::,childof 312,,,,,,,
332,ICMP IP 'ID' Field Error Message Probe,::NATURE:ChildOf:CAPEC ID:312::,childof 312,,,,,,,
383,Harvesting Information via API Event Monitoring,::NATURE:ChildOf:CAPEC ID:407::NATURE:CanPrecede:CAPEC ID:94::,childof 407,canprecede 94,,,,,,
384,Application API Message Manipulation via Man-in-the-Middle,::NATURE:ChildOf:CAPEC ID:94::,childof 94,,,,,,,
385,Transaction or Event Tampering via Application API Manipulation,::NATURE:ChildOf:CAPEC ID:384::,childof 384,,,,,,,
386,Application API Navigation Remapping,::NATURE:ChildOf:CAPEC ID:94::,childof 94,,,,,,,
387,Navigation Remapping To Propagate Malicious Content,::NATURE:ChildOf:CAPEC ID:386::,childof 386,,,,,,,
388,Application API Button Hijacking,::NATURE:ChildOf:CAPEC ID:386::,childof 386,,,,,,,
389,Content Spoofing Via Application API Manipulation,::NATURE:ChildOf:CAPEC ID:384::,childof 384,,,,,,,
390,Bypassing Physical Security,,,,,,,,,
391,Bypassing Physical Locks,::NATURE:ChildOf:CAPEC ID:390::,childof 390,,,,,,,
392,Lock Bumping,::NATURE:ChildOf:CAPEC ID:391::,childof 391,,,,,,,
393,Lock Picking,::NATURE:ChildOf:CAPEC ID:391::,childof 391,,,,,,,
394,Using a Snap Gun Lock to Force a Lock,::NATURE:ChildOf:CAPEC ID:391::,childof 391,,,,,,,
395,Bypassing Electronic Locks and Access Controls,::NATURE:ChildOf:CAPEC ID:390::,childof 390,,,,,,,
397,Cloning Magnetic Strip Cards,::NATURE:ChildOf:CAPEC ID:395::,childof 395,,,,,,,
398,Magnetic Strip Card Brute Force Attacks,::NATURE:ChildOf:CAPEC ID:395::,childof 395,,,,,,,
399,Cloning RFID Cards or Chips,::NATURE:ChildOf:CAPEC ID:395::,childof 395,,,,,,,
400,RFID Chip Deactivation or Destruction,::NATURE:ChildOf:CAPEC ID:395::,childof 395,,,,,,,
401,Physically Hacking Hardware,::NATURE:ChildOf:CAPEC ID:440::,childof 440,,,,,,,
402,Bypassing ATA Password Security,::NATURE:ChildOf:CAPEC ID:401::,childof 401,,,,,,,
406,Dumpster Diving,::NATURE:ChildOf:CAPEC ID:150::NATURE:CanPrecede:CAPEC ID:163::NATURE:CanPrecede:CAPEC ID:675::,childof 150,canprecede 163,canprecede 675,,,,,
407,Pretexting,::NATURE:ChildOf:CAPEC ID:416::NATURE:ChildOf:CAPEC ID:410::NATURE:CanPrecede:CAPEC ID:163::,childof 416,childof 410,canprecede 163,,,,,
410,Information Elicitation,,,,,,,,,
412,Pretexting via Customer Service,::NATURE:ChildOf:CAPEC ID:407::,childof 407,,,,,,,
413,Pretexting via Tech Support,::NATURE:ChildOf:CAPEC ID:407::,childof 407,,,,,,,
414,Pretexting via Delivery Person,::NATURE:ChildOf:CAPEC ID:407::,childof 407,,,,,,,
415,Pretexting via Phone,::NATURE:ChildOf:CAPEC ID:407::,childof 407,,,,,,,
416,Manipulate Human Behavior,,,,,,,,,
417,Influence Perception,::NATURE:ChildOf:CAPEC ID:416::,childof 416,,,,,,,
418,Influence Perception of Reciprocation,::NATURE:ChildOf:CAPEC ID:417::,childof 417,,,,,,,
420,Influence Perception of Scarcity,::NATURE:ChildOf:CAPEC ID:417::,childof 417,,,,,,,
421,Influence Perception of Authority,::NATURE:ChildOf:CAPEC ID:417::,childof 417,,,,,,,
422,Influence Perception of Commitment and Consistency,::NATURE:ChildOf:CAPEC ID:417::,childof 417,,,,,,,
423,Influence Perception of Liking,::NATURE:ChildOf:CAPEC ID:417::,childof 417,,,,,,,
424,Influence Perception of Consensus or Social Proof,::NATURE:ChildOf:CAPEC ID:417::,childof 417,,,,,,,
425,Target Influence via Framing,::NATURE:ChildOf:CAPEC ID:416::,childof 416,,,,,,,
426,Influence via Incentives,::NATURE:ChildOf:CAPEC ID:416::,childof 416,,,,,,,
427,Influence via Psychological Principles,::NATURE:ChildOf:CAPEC ID:416::,childof 416,,,,,,,
428,Influence via Modes of Thinking,::NATURE:ChildOf:CAPEC ID:427::,childof 427,,,,,,,
429,Target Influence via Eye Cues,::NATURE:ChildOf:CAPEC ID:427::,childof 427,,,,,,,
433,Target Influence via The Human Buffer Overflow,::NATURE:ChildOf:CAPEC ID:427::,childof 427,,,,,,,
434,Target Influence via Interview and Interrogation,::NATURE:ChildOf:CAPEC ID:427::,childof 427,,,,,,,
435,Target Influence via Instant Rapport,::NATURE:ChildOf:CAPEC ID:427::,childof 427,,,,,,,
438,Modification During Manufacture,,,,,,,,,
439,Manipulation During Distribution,,,,,,,,,
440,Hardware Integrity Attack,,,,,,,,,
441,Malicious Logic Insertion,,,,,,,,,
442,Infected Software,::NATURE:ChildOf:CAPEC ID:441::,childof 441,,,,,,,
443,Malicious Logic Inserted Into Product by Authorized Developer,::NATURE:ChildOf:CAPEC ID:444::,childof 444,,,,,,,
444,Development Alteration,::NATURE:ChildOf:CAPEC ID:438::,childof 438,,,,,,,
445,Malicious Logic Insertion into Product Software via Configuration Management Manipulation,::NATURE:ChildOf:CAPEC ID:444::,childof 444,,,,,,,
446,Malicious Logic Insertion into Product via Inclusion of Third-Party Component,::NATURE:ChildOf:CAPEC ID:444::,childof 444,,,,,,,
447,Design Alteration,::NATURE:ChildOf:CAPEC ID:438::,childof 438,,,,,,,
448,Embed Virus into DLL,::NATURE:ChildOf:CAPEC ID:442::,childof 442,,,,,,,
452,Infected Hardware,::NATURE:ChildOf:CAPEC ID:441::,childof 441,,,,,,,
456,Infected Memory,::NATURE:ChildOf:CAPEC ID:441::,childof 441,,,,,,,
457,USB Memory Attacks,::NATURE:ChildOf:CAPEC ID:456::NATURE:CanPrecede:CAPEC ID:529::,childof 456,canprecede 529,,,,,,
458,Flash Memory Attacks,::NATURE:ChildOf:CAPEC ID:456::,childof 456,,,,,,,
459,Creating a Rogue Certification Authority Certificate,::NATURE:ChildOf:CAPEC ID:473::,childof 473,,,,,,,
460,HTTP Parameter Pollution (HPP),::NATURE:ChildOf:CAPEC ID:15::NATURE:CanPrecede:CAPEC ID:676::,childof 15,canprecede 676,,,,,,
461,Web Services API Signature Forgery Leveraging Hash Function Extension Weakness,::NATURE:ChildOf:CAPEC ID:115::,childof 115,,,,,,,
462,Cross-Domain Search Timing,::NATURE:ChildOf:CAPEC ID:54::,childof 54,,,,,,,
463,Padding Oracle Crypto Attack,::NATURE:ChildOf:CAPEC ID:97::,childof 97,,,,,,,
464,Evercookie,::NATURE:ChildOf:CAPEC ID:554::,childof 554,,,,,,,
465,Transparent Proxy Abuse,::NATURE:ChildOf:CAPEC ID:554::,childof 554,,,,,,,
466,Leveraging Active Adversary in the Middle Attacks to Bypass Same Origin Policy,::NATURE:ChildOf:CAPEC ID:94::,childof 94,,,,,,,
467,Cross Site Identification,::NATURE:ChildOf:CAPEC ID:62::,childof 62,,,,,,,
468,Generic Cross-Browser Cross-Domain Theft,::NATURE:ChildOf:CAPEC ID:242::,childof 242,,,,,,,
469,HTTP DoS,::NATURE:ChildOf:CAPEC ID:227::,childof 227,,,,,,,
470,Expanding Control over the Operating System from the Database,::NATURE:ChildOf:CAPEC ID:66::,childof 66,,,,,,,
471,Search Order Hijacking,::NATURE:ChildOf:CAPEC ID:159::,childof 159,,,,,,,
472,Browser Fingerprinting,::NATURE:ChildOf:CAPEC ID:541::,childof 541,,,,,,,
473,Signature Spoof,::NATURE:ChildOf:CAPEC ID:151::,childof 151,,,,,,,
474,Signature Spoofing by Key Theft,::NATURE:ChildOf:CAPEC ID:473::,childof 473,,,,,,,
475,Signature Spoofing by Improper Validation,::NATURE:ChildOf:CAPEC ID:473::NATURE:CanPrecede:CAPEC ID:542::,childof 473,canprecede 542,,,,,,
476,Signature Spoofing by Misrepresentation,::NATURE:ChildOf:CAPEC ID:473::,childof 473,,,,,,,
477,Signature Spoofing by Mixing Signed and Unsigned Content,::NATURE:ChildOf:CAPEC ID:473::,childof 473,,,,,,,
478,Modification of Windows Service Configuration,::NATURE:ChildOf:CAPEC ID:203::,childof 203,,,,,,,
479,Malicious Root Certificate,::NATURE:ChildOf:CAPEC ID:473::,childof 473,,,,,,,
480,Escaping Virtualization,::NATURE:ChildOf:CAPEC ID:115::,childof 115,,,,,,,
481,Contradictory Destinations in Traffic Routing Schemes,::NATURE:ChildOf:CAPEC ID:161::,childof 161,,,,,,,
482,TCP Flood,::NATURE:ChildOf:CAPEC ID:125::,childof 125,,,,,,,
485,Signature Spoofing by Key Recreation,::NATURE:ChildOf:CAPEC ID:473::,childof 473,,,,,,,
486,UDP Flood,::NATURE:ChildOf:CAPEC ID:125::,childof 125,,,,,,,
487,ICMP Flood,::NATURE:ChildOf:CAPEC ID:125::,childof 125,,,,,,,
488,HTTP Flood,::NATURE:ChildOf:CAPEC ID:125::,childof 125,,,,,,,
489,SSL Flood,::NATURE:ChildOf:CAPEC ID:125::,childof 125,,,,,,,
490,Amplification,::NATURE:ChildOf:CAPEC ID:125::,childof 125,,,,,,,
491,Quadratic Data Expansion,::NATURE:ChildOf:CAPEC ID:230::,childof 230,,,,,,,
492,Regular Expression Exponential Blowup,::NATURE:ChildOf:CAPEC ID:130::,childof 130,,,,,,,
493,SOAP Array Blowup,::NATURE:ChildOf:CAPEC ID:130::,childof 130,,,,,,,
494,TCP Fragmentation,::NATURE:ChildOf:CAPEC ID:130::,childof 130,,,,,,,
495,UDP Fragmentation,::NATURE:ChildOf:CAPEC ID:130::,childof 130,,,,,,,
496,ICMP Fragmentation,::NATURE:ChildOf:CAPEC ID:130::,childof 130,,,,,,,
497,File Discovery,::NATURE:ChildOf:CAPEC ID:169::,childof 169,,,,,,,
498,Probe iOS Screenshots,::NATURE:ChildOf:CAPEC ID:545::,childof 545,,,,,,,
499,Android Intent Intercept,::NATURE:ChildOf:CAPEC ID:117::,childof 117,,,,,,,
500,WebView Injection,::NATURE:ChildOf:CAPEC ID:253::,childof 253,,,,,,,
501,Android Activity Hijack,::NATURE:ChildOf:CAPEC ID:499::NATURE:ChildOf:CAPEC ID:173::,childof 499,childof 173,,,,,,
502,Intent Spoof,::NATURE:ChildOf:CAPEC ID:148::,childof 148,,,,,,,
503,WebView Exposure,::NATURE:ChildOf:CAPEC ID:122::,childof 122,,,,,,,
504,Task Impersonation,::NATURE:ChildOf:CAPEC ID:173::,childof 173,,,,,,,
505,Scheme Squatting,::NATURE:ChildOf:CAPEC ID:616::,childof 616,,,,,,,
506,Tapjacking,::NATURE:ChildOf:CAPEC ID:173::,childof 173,,,,,,,
507,Physical Theft,,,,,,,,,
508,Shoulder Surfing,::NATURE:ChildOf:CAPEC ID:651::NATURE:CanPrecede:CAPEC ID:560::,childof 651,canprecede 560,,,,,,
509,Kerberoasting,::NATURE:ChildOf:CAPEC ID:652::NATURE:CanPrecede:CAPEC ID:151::,childof 652,canprecede 151,,,,,,
510,SaaS User Request Forgery,::NATURE:ChildOf:CAPEC ID:21::,childof 21,,,,,,,
511,Infiltration of Software Development Environment,::NATURE:ChildOf:CAPEC ID:444::,childof 444,,,,,,,
516,Hardware Component Substitution During Baselining,::NATURE:ChildOf:CAPEC ID:444::,childof 444,,,,,,,
517,Documentation Alteration to Circumvent Dial-down,::NATURE:ChildOf:CAPEC ID:447::,childof 447,,,,,,,
518,Documentation Alteration to Produce Under-performing Systems,::NATURE:ChildOf:CAPEC ID:447::,childof 447,,,,,,,
519,Documentation Alteration to Cause Errors in System Design,::NATURE:ChildOf:CAPEC ID:447::,childof 447,,,,,,,
520,Counterfeit Hardware Component Inserted During Product Assembly,::NATURE:ChildOf:CAPEC ID:444::,childof 444,,,,,,,
521,Hardware Design Specifications Are Altered,::NATURE:ChildOf:CAPEC ID:447::,childof 447,,,,,,,
522,Malicious Hardware Component Replacement,::NATURE:ChildOf:CAPEC ID:439::,childof 439,,,,,,,
523,Malicious Software Implanted,::NATURE:ChildOf:CAPEC ID:439::,childof 439,,,,,,,
524,Rogue Integration Procedures,::NATURE:ChildOf:CAPEC ID:439::,childof 439,,,,,,,
528,XML Flood,::NATURE:ChildOf:CAPEC ID:125::,childof 125,,,,,,,
529,Malware-Directed Internal Reconnaissance,::NATURE:ChildOf:CAPEC ID:169::,childof 169,,,,,,,
530,Provide Counterfeit Component,::NATURE:ChildOf:CAPEC ID:531::,childof 531,,,,,,,
531,Hardware Component Substitution,::NATURE:ChildOf:CAPEC ID:534::,childof 534,,,,,,,
532,Altered Installed BIOS,::NATURE:ChildOf:CAPEC ID:444::,childof 444,,,,,,,
533,Malicious Manual Software Update,::NATURE:ChildOf:CAPEC ID:186::,childof 186,,,,,,,
534,Malicious Hardware Update,::NATURE:ChildOf:CAPEC ID:440::,childof 440,,,,,,,
535,Malicious Gray Market Hardware,::NATURE:ChildOf:CAPEC ID:531::,childof 531,,,,,,,
536,Data Injected During Configuration,::NATURE:ChildOf:CAPEC ID:176::,childof 176,,,,,,,
537,Infiltration of Hardware Development Environment,::NATURE:ChildOf:CAPEC ID:444::,childof 444,,,,,,,
538,Open-Source Library Manipulation,::NATURE:ChildOf:CAPEC ID:444::,childof 444,,,,,,,
539,ASIC With Malicious Functionality,::NATURE:ChildOf:CAPEC ID:444::,childof 444,,,,,,,
540,Overread Buffers,::NATURE:ChildOf:CAPEC ID:123::,childof 123,,,,,,,
541,Application Fingerprinting,::NATURE:ChildOf:CAPEC ID:224::,childof 224,,,,,,,
542,Targeted Malware,::NATURE:ChildOf:CAPEC ID:549::NATURE:CanPrecede:CAPEC ID:662::,childof 549,canprecede 662,,,,,,
543,Counterfeit Websites,::NATURE:ChildOf:CAPEC ID:194::NATURE:CanPrecede:CAPEC ID:89::,childof 194,canprecede 89,,,,,,
544,Counterfeit Organizations,::NATURE:ChildOf:CAPEC ID:194::,childof 194,,,,,,,
545,Pull Data from System Resources,::NATURE:ChildOf:CAPEC ID:116::,childof 116,,,,,,,
546,Incomplete Data Deletion in a Multi-Tenant Environment,::NATURE:ChildOf:CAPEC ID:545::,childof 545,,,,,,,
547,Physical Destruction of Device or Component,::NATURE:ChildOf:CAPEC ID:607::,childof 607,,,,,,,
548,Contaminate Resource,::NATURE:CanPrecede:CAPEC ID:607::,canprecede 607,,,,,,,
549,Local Execution of Code,,,,,,,,,
550,Install New Service,::NATURE:ChildOf:CAPEC ID:542::,childof 542,,,,,,,
551,Modify Existing Service,::NATURE:ChildOf:CAPEC ID:542::,childof 542,,,,,,,
552,Install Rootkit,::NATURE:ChildOf:CAPEC ID:542::,childof 542,,,,,,,
554,Functionality Bypass,,,,,,,,,
555,Remote Services with Stolen Credentials,::NATURE:ChildOf:CAPEC ID:560::NATURE:CanPrecede:CAPEC ID:151::,childof 560,canprecede 151,,,,,,
556,Replace File Extension Handlers,::NATURE:ChildOf:CAPEC ID:542::,childof 542,,,,,,,
558,Replace Trusted Executable,::NATURE:ChildOf:CAPEC ID:542::,childof 542,,,,,,,
559,Orbital Jamming,::NATURE:ChildOf:CAPEC ID:601::,childof 601,,,,,,,
560,Use of Known Domain Credentials,::NATURE:CanPrecede:CAPEC ID:151::,canprecede 151,,,,,,,
561,Windows Admin Shares with Stolen Credentials,::NATURE:ChildOf:CAPEC ID:653::NATURE:CanPrecede:CAPEC ID:151::NATURE:CanPrecede:CAPEC ID:165::NATURE:CanPrecede:CAPEC ID:549::NATURE:CanPrecede:CAPEC ID:545::,childof 653,canprecede 151,canprecede 165,canprecede 549,canprecede 545,,,
562,Modify Shared File,::NATURE:ChildOf:CAPEC ID:17::,childof 17,,,,,,,
563,Add Malicious File to Shared Webroot,::NATURE:ChildOf:CAPEC ID:17::,childof 17,,,,,,,
564,Run Software at Logon,::NATURE:ChildOf:CAPEC ID:542::,childof 542,,,,,,,
565,Password Spraying,::NATURE:ChildOf:CAPEC ID:49::NATURE:CanPrecede:CAPEC ID:600::NATURE:CanPrecede:CAPEC ID:151::NATURE:CanPrecede:CAPEC ID:560::NATURE:CanPrecede:CAPEC ID:561::NATURE:CanPrecede:CAPEC ID:653::,childof 49,canprecede 600,canprecede 151,canprecede 560,canprecede 561,canprecede 653,,
568,Capture Credentials via Keylogger,::NATURE:ChildOf:CAPEC ID:569::NATURE:CanPrecede:CAPEC ID:600::NATURE:CanPrecede:CAPEC ID:151::NATURE:CanPrecede:CAPEC ID:560::NATURE:CanPrecede:CAPEC ID:561::NATURE:CanPrecede:CAPEC ID:653::,childof 569,canprecede 600,canprecede 151,canprecede 560,canprecede 561,canprecede 653,,
569,Collect Data as Provided by Users,::NATURE:ChildOf:CAPEC ID:116::,childof 116,,,,,,,
571,Block Logging to Central Repository,::NATURE:ChildOf:CAPEC ID:161::,childof 161,,,,,,,
572,Artificially Inflate File Sizes,::NATURE:ChildOf:CAPEC ID:165::,childof 165,,,,,,,
573,Process Footprinting,::NATURE:ChildOf:CAPEC ID:169::,childof 169,,,,,,,
574,Services Footprinting,::NATURE:ChildOf:CAPEC ID:169::,childof 169,,,,,,,
575,Account Footprinting,::NATURE:ChildOf:CAPEC ID:169::,childof 169,,,,,,,
576,Group Permission Footprinting,::NATURE:ChildOf:CAPEC ID:169::,childof 169,,,,,,,
577,Owner Footprinting,::NATURE:ChildOf:CAPEC ID:169::,childof 169,,,,,,,
578,Disable Security Software,::NATURE:ChildOf:CAPEC ID:176::,childof 176,,,,,,,
579,Replace Winlogon Helper DLL,::NATURE:ChildOf:CAPEC ID:542::,childof 542,,,,,,,
580,System Footprinting,::NATURE:ChildOf:CAPEC ID:169::,childof 169,,,,,,,
581,Security Software Footprinting,::NATURE:ChildOf:CAPEC ID:580::,childof 580,,,,,,,
582,Route Disabling,::NATURE:ChildOf:CAPEC ID:607::,childof 607,,,,,,,
583,Disabling Network Hardware,::NATURE:ChildOf:CAPEC ID:582::,childof 582,,,,,,,
584,BGP Route Disabling,::NATURE:ChildOf:CAPEC ID:582::,childof 582,,,,,,,
585,DNS Domain Seizure,::NATURE:ChildOf:CAPEC ID:582::,childof 582,,,,,,,
586,Object Injection,,,,,,,,,
587,Cross Frame Scripting (XFS),::NATURE:ChildOf:CAPEC ID:103::,childof 103,,,,,,,
588,DOM-Based XSS,::NATURE:ChildOf:CAPEC ID:63::,childof 63,,,,,,,
589,DNS Blocking,::NATURE:ChildOf:CAPEC ID:603::,childof 603,,,,,,,
590,IP Address Blocking,::NATURE:ChildOf:CAPEC ID:603::,childof 603,,,,,,,
591,Reflected XSS,::NATURE:ChildOf:CAPEC ID:63::,childof 63,,,,,,,
592,Stored XSS,::NATURE:ChildOf:CAPEC ID:63::,childof 63,,,,,,,
593,Session Hijacking,::NATURE:ChildOf:CAPEC ID:21::,childof 21,,,,,,,
594,Traffic Injection,,,,,,,,,
595,Connection Reset,::NATURE:ChildOf:CAPEC ID:594::,childof 594,,,,,,,
596,TCP RST Injection,::NATURE:ChildOf:CAPEC ID:595::,childof 595,,,,,,,
597,Absolute Path Traversal,::NATURE:ChildOf:CAPEC ID:126::,childof 126,,,,,,,
598,DNS Spoofing,::NATURE:ChildOf:CAPEC ID:194::,childof 194,,,,,,,
599,Terrestrial Jamming,::NATURE:ChildOf:CAPEC ID:195::,childof 195,,,,,,,
600,Credential Stuffing,::NATURE:ChildOf:CAPEC ID:560::NATURE:CanPrecede:CAPEC ID:151::NATURE:CanPrecede:CAPEC ID:653::,childof 560,canprecede 151,canprecede 653,,,,,
601,Jamming,::NATURE:ChildOf:CAPEC ID:607::,childof 607,,,,,,,
603,Blockage,::NATURE:ChildOf:CAPEC ID:607::,childof 607,,,,,,,
604,Wi-Fi Jamming,::NATURE:ChildOf:CAPEC ID:601::,childof 601,,,,,,,
605,Cellular Jamming,::NATURE:ChildOf:CAPEC ID:601::,childof 601,,,,,,,
606,Weakening of Cellular Encryption,::NATURE:ChildOf:CAPEC ID:620::,childof 620,,,,,,,
607,Obstruction,,,,,,,,,
608,Cryptanalysis of Cellular Encryption,::NATURE:ChildOf:CAPEC ID:97::,childof 97,,,,,,,
609,Cellular Traffic Intercept,::NATURE:ChildOf:CAPEC ID:157::,childof 157,,,,,,,
610,Cellular Data Injection,::NATURE:ChildOf:CAPEC ID:240::,childof 240,,,,,,,
611,BitSquatting,::NATURE:ChildOf:CAPEC ID:616::NATURE:CanPrecede:CAPEC ID:89::NATURE:CanPrecede:CAPEC ID:543::,childof 616,canprecede 89,canprecede 543,,,,,
612,WiFi MAC Address Tracking,::NATURE:ChildOf:CAPEC ID:292::,childof 292,,,,,,,
613,WiFi SSID Tracking,::NATURE:ChildOf:CAPEC ID:292::,childof 292,,,,,,,
614,Rooting SIM Cards,::NATURE:ChildOf:CAPEC ID:186::,childof 186,,,,,,,
615,Evil Twin Wi-Fi Attack,::NATURE:ChildOf:CAPEC ID:616::,childof 616,,,,,,,
616,Establish Rogue Location,::NATURE:ChildOf:CAPEC ID:154::NATURE:CanPrecede:CAPEC ID:691::,childof 154,canprecede 691,,,,,,
617,Cellular Rogue Base Station,::NATURE:ChildOf:CAPEC ID:616::,childof 616,,,,,,,
618,Cellular Broadcast Message Request,::NATURE:ChildOf:CAPEC ID:292::,childof 292,,,,,,,
619,Signal Strength Tracking,::NATURE:ChildOf:CAPEC ID:292::,childof 292,,,,,,,
620,Drop Encryption Level,::NATURE:ChildOf:CAPEC ID:212::,childof 212,,,,,,,
621,Analysis of Packet Timing and Sizes,::NATURE:ChildOf:CAPEC ID:189::,childof 189,,,,,,,
622,Electromagnetic Side-Channel Attack,::NATURE:ChildOf:CAPEC ID:189::,childof 189,,,,,,,
623,Compromising Emanations Attack,::NATURE:ChildOf:CAPEC ID:189::,childof 189,,,,,,,
624,Hardware Fault Injection,,,,,,,,,
625,Mobile Device Fault Injection,::NATURE:ChildOf:CAPEC ID:624::,childof 624,,,,,,,
626,Smudge Attack,::NATURE:ChildOf:CAPEC ID:395::,childof 395,,,,,,,
627,Counterfeit GPS Signals,::NATURE:ChildOf:CAPEC ID:148::,childof 148,,,,,,,
628,Carry-Off GPS Attack,::NATURE:ChildOf:CAPEC ID:627::,childof 627,,,,,,,
630,TypoSquatting,::NATURE:ChildOf:CAPEC ID:616::NATURE:CanPrecede:CAPEC ID:89::NATURE:CanPrecede:CAPEC ID:543::,childof 616,canprecede 89,canprecede 543,,,,,
631,SoundSquatting,::NATURE:ChildOf:CAPEC ID:616::NATURE:CanPrecede:CAPEC ID:89::NATURE:CanPrecede:CAPEC ID:543::,childof 616,canprecede 89,canprecede 543,,,,,
632,Homograph Attack via Homoglyphs,::NATURE:ChildOf:CAPEC ID:616::NATURE:CanPrecede:CAPEC ID:89::NATURE:CanPrecede:CAPEC ID:543::,childof 616,canprecede 89,canprecede 543,,,,,
633,Token Impersonation,::NATURE:ChildOf:CAPEC ID:194::,childof 194,,,,,,,
634,Probe Audio and Video Peripherals,::NATURE:ChildOf:CAPEC ID:651::NATURE:ChildOf:CAPEC ID:545::,childof 651,childof 545,,,,,,
635,Alternative Execution Due to Deceptive Filenames,::NATURE:ChildOf:CAPEC ID:165::,childof 165,,,,,,,
636,Hiding Malicious Data or Code within Files,::NATURE:ChildOf:CAPEC ID:165::,childof 165,,,,,,,
637,Collect Data from Clipboard,::NATURE:ChildOf:CAPEC ID:150::,childof 150,,,,,,,
638,Altered Component Firmware,::NATURE:ChildOf:CAPEC ID:452::,childof 452,,,,,,,
639,Probe System Files,::NATURE:ChildOf:CAPEC ID:545::,childof 545,,,,,,,
640,Inclusion of Code in Existing Process,::NATURE:ChildOf:CAPEC ID:251::,childof 251,,,,,,,
641,DLL Side-Loading,::NATURE:ChildOf:CAPEC ID:159::,childof 159,,,,,,,
642,Replace Binaries,::NATURE:ChildOf:CAPEC ID:17::,childof 17,,,,,,,
643,Identify Shared Files/Directories on System,::NATURE:ChildOf:CAPEC ID:309::NATURE:CanPrecede:CAPEC ID:561::NATURE:CanPrecede:CAPEC ID:545::NATURE:CanPrecede:CAPEC ID:165::,childof 309,canprecede 561,canprecede 545,canprecede 165,,,,
644,Use of Captured Hashes (Pass The Hash),::NATURE:ChildOf:CAPEC ID:653::NATURE:CanPrecede:CAPEC ID:151::NATURE:CanPrecede:CAPEC ID:165::NATURE:CanPrecede:CAPEC ID:549::NATURE:CanPrecede:CAPEC ID:545::,childof 653,canprecede 151,canprecede 165,canprecede 549,canprecede 545,,,
645,Use of Captured Tickets (Pass The Ticket),::NATURE:ChildOf:CAPEC ID:652::NATURE:CanPrecede:CAPEC ID:151::,childof 652,canprecede 151,,,,,,
646,Peripheral Footprinting,::NATURE:ChildOf:CAPEC ID:169::,childof 169,,,,,,,
647,Collect Data from Registries,::NATURE:ChildOf:CAPEC ID:150::,childof 150,,,,,,,
648,Collect Data from Screen Capture,::NATURE:ChildOf:CAPEC ID:150::,childof 150,,,,,,,
649,Adding a Space to a File Extension,::NATURE:ChildOf:CAPEC ID:635::,childof 635,,,,,,,
650,Upload a Web Shell to a Web Server,::NATURE:ChildOf:CAPEC ID:17::,childof 17,,,,,,,
651,Eavesdropping,::NATURE:ChildOf:CAPEC ID:117::,childof 117,,,,,,,
652,Use of Known Kerberos Credentials,::NATURE:ChildOf:CAPEC ID:560::NATURE:CanPrecede:CAPEC ID:151::,childof 560,canprecede 151,,,,,,
653,Use of Known Operating System Credentials,::NATURE:ChildOf:CAPEC ID:560::NATURE:CanPrecede:CAPEC ID:151::,childof 560,canprecede 151,,,,,,
654,Credential Prompt Impersonation,::NATURE:ChildOf:CAPEC ID:504::,childof 504,,,,,,,
655,Avoid Security Tool Identification by Adding Data,::NATURE:ChildOf:CAPEC ID:572::,childof 572,,,,,,,
656,Voice Phishing,::NATURE:ChildOf:CAPEC ID:98::,childof 98,,,,,,,
657,Malicious Automated Software Update via Spoofing,::NATURE:ChildOf:CAPEC ID:186::,childof 186,,,,,,,
660,Root/Jailbreak Detection Evasion via Hooking,::NATURE:ChildOf:CAPEC ID:251::,childof 251,,,,,,,
661,Root/Jailbreak Detection Evasion via Debugging,::NATURE:ChildOf:CAPEC ID:121::NATURE:CanPrecede:CAPEC ID:68::NATURE:CanPrecede:CAPEC ID:660::,childof 121,canprecede 68,canprecede 660,,,,,
662,Adversary in the Browser (AiTB),::NATURE:ChildOf:CAPEC ID:94::,childof 94,,,,,,,
663,Exploitation of Transient Instruction Execution,::NATURE:ChildOf:CAPEC ID:74::NATURE:ChildOf:CAPEC ID:184::NATURE:CanPrecede:CAPEC ID:141::NATURE:PeerOf:CAPEC ID:212::NATURE:PeerOf:CAPEC ID:124::NATURE:PeerOf:CAPEC ID:180::,childof 74,childof 184,canprecede 141,peerof 212,peerof 124,peerof 180,,
664,Server Side Request Forgery,::NATURE:ChildOf:CAPEC ID:115::,childof 115,,,,,,,
665,Exploitation of Thunderbolt Protection Flaws,::NATURE:ChildOf:CAPEC ID:276::NATURE:CanFollow:CAPEC ID:390::NATURE:PeerOf:CAPEC ID:458::NATURE:PeerOf:CAPEC ID:148::NATURE:PeerOf:CAPEC ID:151::,childof 276,canfollow 390,peerof 458,peerof 148,peerof 151,,,
666,BlueSmacking,::NATURE:ChildOf:CAPEC ID:125::,childof 125,,,,,,,
667,Bluetooth Impersonation AttackS (BIAS),::NATURE:ChildOf:CAPEC ID:616::,childof 616,,,,,,,
668,Key Negotiation of Bluetooth Attack (KNOB),::NATURE:ChildOf:CAPEC ID:115::NATURE:CanPrecede:CAPEC ID:148::,childof 115,canprecede 148,,,,,,
669,Alteration of a Software Update,::NATURE:ChildOf:CAPEC ID:184::NATURE:CanPrecede:CAPEC ID:673::,childof 184,canprecede 673,,,,,,
670,Software Development Tools Maliciously Altered,::NATURE:ChildOf:CAPEC ID:444::NATURE:CanPrecede:CAPEC ID:669::,childof 444,canprecede 669,,,,,,
671,Requirements for ASIC Functionality Maliciously Altered,::NATURE:ChildOf:CAPEC ID:447::,childof 447,,,,,,,
672,Malicious Code Implanted During Chip Programming,::NATURE:ChildOf:CAPEC ID:444::,childof 444,,,,,,,
673,Developer Signing Maliciously Altered Software,::NATURE:ChildOf:CAPEC ID:444::,childof 444,,,,,,,
674,Design for FPGA Maliciously Altered,::NATURE:ChildOf:CAPEC ID:447::,childof 447,,,,,,,
675,Retrieve Data from Decommissioned Devices,::NATURE:ChildOf:CAPEC ID:116::NATURE:CanPrecede:CAPEC ID:37::,childof 116,canprecede 37,,,,,,
676,NoSQL Injection,::NATURE:ChildOf:CAPEC ID:248::,childof 248,,,,,,,
677,Server Motherboard Compromise,::NATURE:ChildOf:CAPEC ID:534::,childof 534,,,,,,,
678,System Build Data Maliciously Altered,::NATURE:ChildOf:CAPEC ID:444::,childof 444,,,,,,,
679,Exploitation of Improperly Configured or Implemented Memory Protections,::NATURE:ChildOf:CAPEC ID:1::NATURE:ChildOf:CAPEC ID:180::,childof 1,childof 180,,,,,,
680,Exploitation of Improperly Controlled Registers,::NATURE:ChildOf:CAPEC ID:1::NATURE:ChildOf:CAPEC ID:180::,childof 1,childof 180,,,,,,
681,Exploitation of Improperly Controlled Hardware Security Identifiers,::NATURE:ChildOf:CAPEC ID:1::NATURE:ChildOf:CAPEC ID:180::,childof 1,childof 180,,,,,,
682,Exploitation of Firmware or ROM Code with Unpatchable Vulnerabilities,::NATURE:ChildOf:CAPEC ID:212::,childof 212,,,,,,,
690,Metadata Spoofing,,,,,,,,,
691,Spoof Open-Source Software Metadata,::NATURE:ChildOf:CAPEC ID:690::NATURE:CanPrecede:CAPEC ID:184::NATURE:CanPrecede:CAPEC ID:444::NATURE:PeerOf:CAPEC ID:630::,childof 690,canprecede 184,canprecede 444,peerof 630,,,,
692,Spoof Version Control System Commit Metadata,::NATURE:ChildOf:CAPEC ID:691::,childof 691,,,,,,,
693,StarJacking,::NATURE:ChildOf:CAPEC ID:691::,childof 691,,,,,,,
694,System Location Discovery,::NATURE:ChildOf:CAPEC ID:169::,childof 169,,,,,,,
695,Repo Jacking,::NATURE:ChildOf:CAPEC ID:616::,childof 616,,,,,,,
696,Load Value Injection,::NATURE:ChildOf:CAPEC ID:663::,childof 663,,,,,,,
697,DHCP Spoofing,::NATURE:ChildOf:CAPEC ID:194::NATURE:CanPrecede:CAPEC ID:158::NATURE:CanPrecede:CAPEC ID:94::,childof 194,canprecede 158,canprecede 94,,,,,
698,Install Malicious Extension,::NATURE:ChildOf:CAPEC ID:542::,childof 542,,,,,,,
699,Eavesdropping on a Monitor,::NATURE:ChildOf:CAPEC ID:651::,childof 651,,,,,,,
700,Network Boundary Bridging,::NATURE:ChildOf:CAPEC ID:161::NATURE:CanFollow:CAPEC ID:70::NATURE:CanFollow:CAPEC ID:560::,childof 161,canfollow 70,canfollow 560,,,,,
701,Browser in the Middle (BiTM),::NATURE:ChildOf:CAPEC ID:94::NATURE:CanPrecede:CAPEC ID:151::NATURE:CanPrecede:CAPEC ID:148::NATURE:CanFollow:CAPEC ID:98::,childof 94,canprecede 151,canprecede 148,canfollow 98,,,,
702,Exploiting Incorrect Chaining or Granularity of Hardware Debug Components,::NATURE:ChildOf:CAPEC ID:180::,childof 180,,,,,,,
